NHEJ,Unmodified,HDR,Mixed HDR-NHEJ
97.9735758901586,90.35211267605634,100.0,100.0
