NHEJ,Unmodified,HDR,Mixed HDR-NHEJ
97.64646970455684,97.69874476987448,100.0,100.0
