NHEJ,Unmodified,HDR,Mixed HDR-NHEJ
94.0239448051948,95.91346153846155,100.0,100.0
