NHEJ,Unmodified,HDR,Mixed HDR-NHEJ
97.22307081322172,90.37691794529687,100.0,100.0
