NHEJ,Unmodified,HDR,Mixed HDR-NHEJ
96.45674220608488,96.91124898840032,100.0,100.0
