NHEJ,Unmodified,HDR,Mixed HDR-NHEJ
91.4780443639656,98.58793324775354,100.0,100.0
