NHEJ,Unmodified,HDR,Mixed HDR-NHEJ
94.51178967827732,92.98146473779386,100.0,100.0
