NHEJ,Unmodified,HDR,Mixed HDR-NHEJ
96.83651291958464,98.77728109387326,100.0,100.0
