NHEJ,Unmodified,HDR,Mixed HDR-NHEJ
98.16224445411048,88.73965420753439,100.0,100.0
