NHEJ,Unmodified,HDR,Mixed HDR-NHEJ
92.3470391501082,99.32792831235332,100.0,100.0
