NHEJ,Unmodified,HDR,Mixed HDR-NHEJ
96.50135595950917,86.78583946722748,100.0,100.0
