NHEJ,Unmodified,HDR,Mixed HDR-NHEJ
91.65196608433392,97.40189809517399,100.0,100.0
