NHEJ,Unmodified,HDR,Mixed HDR-NHEJ
82.28782287822878,99.27403965817638,100.0,100.0
