NHEJ,Unmodified,HDR,Mixed HDR-NHEJ
98.75967088296697,95.23809523809523,100.0,100.0
