NHEJ,Unmodified,HDR,Mixed HDR-NHEJ
87.42542450665442,99.18538956773092,100.0,100.0
