NHEJ,Unmodified,HDR,Mixed HDR-NHEJ
97.36216016446076,80.66750629722922,100.0,100.0
