NHEJ,Unmodified,HDR,Mixed HDR-NHEJ
97.52924531557335,87.8492090205318,100.0,100.0
