NHEJ,Unmodified,HDR,Mixed HDR-NHEJ
95.25715611688462,97.51985182977455,100.0,100.0
