NHEJ,Unmodified,HDR,Mixed HDR-NHEJ
97.75502652029111,98.26625386996905,100.0,100.0
