NHEJ,Unmodified,HDR,Mixed HDR-NHEJ
73.50560398505604,95.89509692132269,100.0,100.0
