NHEJ,Unmodified,HDR,Mixed HDR-NHEJ
98.43406075089617,99.45039051200463,100.0,100.0
