NHEJ,Unmodified,HDR,Mixed HDR-NHEJ
98.20959423956408,80.82706766917293,100.0,100.0
