NHEJ,Unmodified,HDR,Mixed HDR-NHEJ
98.5475599669148,98.88933673697882,100.0,100.0
