NHEJ,Unmodified,HDR,Mixed HDR-NHEJ
94.33209911706066,97.21563981042654,100.0,100.0
