NHEJ,Unmodified,HDR,Mixed HDR-NHEJ
90.55299539170507,81.71045852653272,100.0,100.0
