NHEJ,Unmodified,HDR,Mixed HDR-NHEJ
97.6608187134503,87.30964467005076,100.0,100.0
