NHEJ,Unmodified,HDR,Mixed HDR-NHEJ
98.50958126330731,93.8098050797401,100.0,100.0
