NHEJ,Unmodified,HDR,Mixed HDR-NHEJ
91.94808819425063,97.62718680876733,100.0,100.0
