NHEJ,Unmodified,HDR,Mixed HDR-NHEJ
97.34483316897989,94.60144305102216,100.0,100.0
