NHEJ,Unmodified,HDR,Mixed HDR-NHEJ
95.83804751899143,97.23447573803868,100.0,100.0
