NHEJ,Unmodified,HDR,Mixed HDR-NHEJ
97.4862385321101,91.11499951394964,100.0,100.0
