NHEJ,Unmodified,HDR,Mixed HDR-NHEJ
55.88108573890565,94.04761904761905,100.0,100.0
