NHEJ,Unmodified,HDR,Mixed HDR-NHEJ
96.92208628461043,98.77412407852232,100.0,100.0
