NHEJ,Unmodified,HDR,Mixed HDR-NHEJ
96.833382657591,98.16999132697312,100.0,100.0
