NHEJ,Unmodified,HDR,Mixed HDR-NHEJ
90.68721901091843,93.29829172141918,100.0,100.0
