NHEJ,Unmodified,HDR,Mixed HDR-NHEJ
96.79127507364286,98.12621990891347,100.0,100.0
