NHEJ,Unmodified,HDR,Mixed HDR-NHEJ
95.52027819793331,95.72818928842007,100.0,100.0
