NHEJ,Unmodified,HDR,Mixed HDR-NHEJ
94.87396901256456,89.34291097503532,100.0,100.0
