NHEJ,Unmodified,HDR,Mixed HDR-NHEJ
95.2670338881571,90.45468701339146,100.0,100.0
