NHEJ,Unmodified,HDR,Mixed HDR-NHEJ
97.97734627831716,95.239448628677,100.0,100.0
