NHEJ,Unmodified,HDR,Mixed HDR-NHEJ
93.13802423925364,71.39016897081413,100.0,100.0
