NHEJ,Unmodified,HDR,Mixed HDR-NHEJ
96.58651781880636,93.60241625480505,100.0,100.0
