NHEJ,Unmodified,HDR,Mixed HDR-NHEJ
95.14480408858603,94.50489859368786,100.0,100.0
