NHEJ,Unmodified,HDR,Mixed HDR-NHEJ
96.61330049261085,92.58064516129032,100.0,100.0
