NHEJ,Unmodified,HDR,Mixed HDR-NHEJ
97.23577827955422,97.10874965498206,100.0,100.0
