NHEJ,Unmodified,HDR,Mixed HDR-NHEJ
94.62392988177741,97.61904761904762,100.0,100.0
