NHEJ,Unmodified,HDR,Mixed HDR-NHEJ
94.44343231918381,84.77157360406092,100.0,100.0
