NHEJ,Unmodified,HDR,Mixed HDR-NHEJ
80.33002336448598,87.37793851717902,100.0,100.0
