NHEJ,Unmodified,HDR,Mixed HDR-NHEJ
86.46138185519786,91.4315033350436,100.0,100.0
