NHEJ,Unmodified,HDR,Mixed HDR-NHEJ
95.54326610279766,96.63956639566396,100.0,100.0
