NHEJ,Unmodified,HDR,Mixed HDR-NHEJ
96.13428280773142,98.03536345776031,100.0,100.0
