NHEJ,Unmodified,HDR,Mixed HDR-NHEJ
96.44658733034196,83.72681281618887,100.0,100.0
