NHEJ,Unmodified,HDR,Mixed HDR-NHEJ
92.96516956920257,98.63718958207147,100.0,100.0
