NHEJ,Unmodified,HDR,Mixed HDR-NHEJ
97.43326488706366,90.41999305796598,100.0,100.0
