NHEJ,Unmodified,HDR,Mixed HDR-NHEJ
98.3705118840254,89.72206677858608,100.0,100.0
