NHEJ,Unmodified,HDR,Mixed HDR-NHEJ
97.75659001682557,98.15817984832069,100.0,100.0
