NHEJ,Unmodified,HDR,Mixed HDR-NHEJ
98.19127123608669,99.31122759965866,100.0,100.0
