NHEJ,Unmodified,HDR,Mixed HDR-NHEJ
96.57466570054673,96.00170140365802,100.0,100.0
