NHEJ,Unmodified,HDR,Mixed HDR-NHEJ
94.30097951914514,99.70024857435298,100.0,100.0
