NHEJ,Unmodified,HDR,Mixed HDR-NHEJ
98.51408294522066,97.38113126542879,100.0,100.0
