NHEJ,Unmodified,HDR,Mixed HDR-NHEJ
96.3157894736842,99.34782608695653,100.0,100.0
