NHEJ,Unmodified,HDR,Mixed HDR-NHEJ
86.47058823529412,99.31666887096064,100.0,100.0
