NHEJ,Unmodified,HDR,Mixed HDR-NHEJ
95.20487882653062,93.44403091898081,100.0,100.0
