NHEJ,Unmodified,HDR,Mixed HDR-NHEJ
94.3807836188226,96.97467166979362,100.0,100.0
