NHEJ,Unmodified,HDR,Mixed HDR-NHEJ
90.45307443365695,99.04719302169536,100.0,100.0
