NHEJ,Unmodified,HDR,Mixed HDR-NHEJ
93.02242366412213,91.31413141314133,100.0,100.0
