NHEJ,Unmodified,HDR,Mixed HDR-NHEJ
97.41022644727283,80.55446323240267,100.0,100.0
