NHEJ,Unmodified,HDR,Mixed HDR-NHEJ
83.56302909479645,85.47629451605854,100.0,100.0
