NHEJ,Unmodified,HDR,Mixed HDR-NHEJ
95.83441138421733,95.41025100189835,100.0,100.0
