NHEJ,Unmodified,HDR,Mixed HDR-NHEJ
93.15867431957045,96.86274509803921,100.0,100.0
