NHEJ,Unmodified,HDR,Mixed HDR-NHEJ
94.80381760339343,97.67467368651968,100.0,100.0
