NHEJ,Unmodified,HDR,Mixed HDR-NHEJ
93.09010503040354,98.58423784804154,100.0,100.0
