NHEJ,Unmodified,HDR,Mixed HDR-NHEJ
98.60762567797296,92.22599678169139,100.0,100.0
