NHEJ,Unmodified,HDR,Mixed HDR-NHEJ
91.2271112325772,99.24131505390656,100.0,100.0
