NHEJ,Unmodified,HDR,Mixed HDR-NHEJ
90.32810271041369,87.32394366197182,100.0,100.0
