NHEJ,Unmodified,HDR,Mixed HDR-NHEJ
94.7345981667022,62.85280069474598,100.0,100.0
