NHEJ,Unmodified,HDR,Mixed HDR-NHEJ
96.16186900292033,99.0555237550086,100.0,100.0
