NHEJ,Unmodified,HDR,Mixed HDR-NHEJ
98.29867674858222,94.29756350440643,100.0,100.0
