NHEJ,Unmodified,HDR,Mixed HDR-NHEJ
98.36945714853847,99.0739847593325,100.0,100.0
