NHEJ,Unmodified,HDR,Mixed HDR-NHEJ
96.88372511933711,97.77592768791628,100.0,100.0
