NHEJ,Unmodified,HDR,Mixed HDR-NHEJ
83.60641218669737,96.47720131275749,100.0,100.0
