NHEJ,Unmodified,HDR,Mixed HDR-NHEJ
72.8675297038482,84.72702142363511,100.0,100.0
