NHEJ,Unmodified,HDR,Mixed HDR-NHEJ
96.44304739846142,93.74068554396423,100.0,100.0
