NHEJ,Unmodified,HDR,Mixed HDR-NHEJ
71.84439731034794,97.38188383990371,100.0,100.0
