NHEJ,Unmodified,HDR,Mixed HDR-NHEJ
97.07163074243414,97.69996567112942,100.0,100.0
