NHEJ,Unmodified,HDR,Mixed HDR-NHEJ
95.91638308215849,97.64350453172206,100.0,100.0
