NHEJ,Unmodified,HDR,Mixed HDR-NHEJ
94.72713079270456,66.72092335010358,100.0,100.0
