NHEJ,Unmodified,HDR,Mixed HDR-NHEJ
89.23628411670265,96.10934744268079,100.0,100.0
