NHEJ,Unmodified,HDR,Mixed HDR-NHEJ
97.94593823550389,99.2871287128713,100.0,100.0
