NHEJ,Unmodified,HDR,Mixed HDR-NHEJ
97.97608961686906,93.6956982411528,100.0,100.0
