NHEJ,Unmodified,HDR,Mixed HDR-NHEJ
99.48620681376198,95.07185628742515,100.0,100.0
