NHEJ,Unmodified,HDR,Mixed HDR-NHEJ
97.51507840772014,91.36411702502643,100.0,100.0
