NHEJ,Unmodified,HDR,Mixed HDR-NHEJ
97.72650724149545,96.67492041032897,100.0,100.0
