NHEJ,Unmodified,HDR,Mixed HDR-NHEJ
96.99392388871122,96.98216735253772,100.0,100.0
