NHEJ,Unmodified,HDR,Mixed HDR-NHEJ
93.90679548591378,83.1081081081081,100.0,100.0
