NHEJ,Unmodified,HDR,Mixed HDR-NHEJ
94.63917525773195,99.76430060737921,100.0,100.0
