NHEJ,Unmodified,HDR,Mixed HDR-NHEJ
97.2940020997731,95.91772151898735,100.0,100.0
