NHEJ,Unmodified,HDR,Mixed HDR-NHEJ
96.21019108280254,97.02233250620348,100.0,100.0
