NHEJ,Unmodified,HDR,Mixed HDR-NHEJ
97.80062839188804,98.46907532149419,100.0,100.0
