NHEJ,Unmodified,HDR,Mixed HDR-NHEJ
96.81585854399779,86.3980611935777,100.0,100.0
