NHEJ,Unmodified,HDR,Mixed HDR-NHEJ
95.28862410433942,87.82821710173774,100.0,100.0
