NHEJ,Unmodified,HDR,Mixed HDR-NHEJ
83.58778625954199,99.54348775356277,100.0,100.0
