NHEJ,Unmodified,HDR,Mixed HDR-NHEJ
93.58612912320271,76.20567780184699,100.0,100.0
