NHEJ,Unmodified,HDR,Mixed HDR-NHEJ
97.16655956067068,99.11874224244931,100.0,100.0
