NHEJ,Unmodified,HDR,Mixed HDR-NHEJ
95.64447396092756,97.55346449957229,100.0,100.0
