NHEJ,Unmodified,HDR,Mixed HDR-NHEJ
95.76195970533416,90.09766068589597,100.0,100.0
