NHEJ,Unmodified,HDR,Mixed HDR-NHEJ
98.98236092265942,96.97054362576833,100.0,100.0
