NHEJ,Unmodified,HDR,Mixed HDR-NHEJ
96.91973969631236,95.42857142857143,100.0,100.0
