NHEJ,Unmodified,HDR,Mixed HDR-NHEJ
97.57011707234902,98.16340621403913,100.0,100.0
