NHEJ,Unmodified,HDR,Mixed HDR-NHEJ
97.76018405738259,97.85720407988343,100.0,100.0
