NHEJ,Unmodified,HDR,Mixed HDR-NHEJ
98.5776586950945,97.6655290102389,100.0,100.0
