NHEJ,Unmodified,HDR,Mixed HDR-NHEJ
85.61760383633693,86.46288209606988,100.0,100.0
