NHEJ,Unmodified,HDR,Mixed HDR-NHEJ
94.24469111969111,68.57384441939121,100.0,100.0
