NHEJ,Unmodified,HDR,Mixed HDR-NHEJ
97.6310029612463,98.73043263897449,100.0,100.0
