NHEJ,Unmodified,HDR,Mixed HDR-NHEJ
91.16890972327234,85.15193370165746,100.0,100.0
