NHEJ,Unmodified,HDR,Mixed HDR-NHEJ
96.1431693343571,92.75314902666449,100.0,100.0
