NHEJ,Unmodified,HDR,Mixed HDR-NHEJ
94.97653177724217,79.03263676919464,100.0,100.0
