NHEJ,Unmodified,HDR,Mixed HDR-NHEJ
86.85099673386642,92.6874043855176,100.0,100.0
