NHEJ,Unmodified,HDR,Mixed HDR-NHEJ
93.52306876436273,97.97922568460812,100.0,100.0
