NHEJ,Unmodified,HDR,Mixed HDR-NHEJ
91.59178433889602,98.84863802302723,100.0,100.0
