NHEJ,Unmodified,HDR,Mixed HDR-NHEJ
98.25976828181435,94.13707679603634,100.0,100.0
