NHEJ,Unmodified,HDR,Mixed HDR-NHEJ
96.32327436697884,97.9624450659209,100.0,100.0
