NHEJ,Unmodified,HDR,Mixed HDR-NHEJ
97.92813914181342,93.1104948182747,100.0,100.0
