NHEJ,Unmodified,HDR,Mixed HDR-NHEJ
92.14351185020297,93.31791313287073,100.0,100.0
