NHEJ,Unmodified,HDR,Mixed HDR-NHEJ
97.33453681360177,93.23704103671706,100.0,100.0
