NHEJ,Unmodified,HDR,Mixed HDR-NHEJ
58.791208791208796,83.96624472573839,100.0,100.0
