NHEJ,Unmodified,HDR,Mixed HDR-NHEJ
98.29764453961457,98.24199972531245,100.0,100.0
