NHEJ,Unmodified,HDR,Mixed HDR-NHEJ
97.73352908790604,97.67950963222417,100.0,100.0
