NHEJ,Unmodified,HDR,Mixed HDR-NHEJ
93.4931506849315,93.82973787984227,100.0,100.0
