NHEJ,Unmodified,HDR,Mixed HDR-NHEJ
95.79949874686717,84.80610298792118,100.0,100.0
