NHEJ,Unmodified,HDR,Mixed HDR-NHEJ
75.53856845031271,89.79907264296754,100.0,100.0
