NHEJ,Unmodified,HDR,Mixed HDR-NHEJ
98.6912468336617,99.5883724318811,100.0,100.0
