NHEJ,Unmodified,HDR,Mixed HDR-NHEJ
96.09627238039332,98.2009279424297,100.0,100.0
