NHEJ,Unmodified,HDR,Mixed HDR-NHEJ
96.19079165286519,93.71750433275562,100.0,100.0
