NHEJ,Unmodified,HDR,Mixed HDR-NHEJ
98.43205574912892,97.05882352941177,100.0,100.0
