NHEJ,Unmodified,HDR,Mixed HDR-NHEJ
96.85800604229607,98.89681151621149,100.0,100.0
