NHEJ,Unmodified,HDR,Mixed HDR-NHEJ
93.05429178040643,98.82529280535415,100.0,100.0
