NHEJ,Unmodified,HDR,Mixed HDR-NHEJ
94.09962706446457,99.5424597364568,100.0,100.0
