NHEJ,Unmodified,HDR,Mixed HDR-NHEJ
97.15099715099716,89.93753165625527,100.0,100.0
