NHEJ,Unmodified,HDR,Mixed HDR-NHEJ
95.2131971465629,98.08202407671904,100.0,100.0
