NHEJ,Unmodified,HDR,Mixed HDR-NHEJ
98.70920603994155,98.2549716844462,100.0,100.0
