NHEJ,Unmodified,HDR,Mixed HDR-NHEJ
93.42606707317073,94.63347796300525,100.0,100.0
