NHEJ,Unmodified,HDR,Mixed HDR-NHEJ
95.90891547664995,95.76002536059598,100.0,100.0
