NHEJ,Unmodified,HDR,Mixed HDR-NHEJ
97.0266040688576,98.39449541284404,100.0,100.0
