NHEJ,Unmodified,HDR,Mixed HDR-NHEJ
97.97942233791991,87.77120315581854,100.0,100.0
