NHEJ,Unmodified,HDR,Mixed HDR-NHEJ
89.79019991052297,96.98733102988422,100.0,100.0
