NHEJ,Unmodified,HDR,Mixed HDR-NHEJ
97.49472202674173,98.85869717618687,100.0,100.0
