NHEJ,Unmodified,HDR,Mixed HDR-NHEJ
93.58768440040525,98.52021357742181,100.0,100.0
