NHEJ,Unmodified,HDR,Mixed HDR-NHEJ
95.45062898500775,89.84751203852326,100.0,100.0
