NHEJ,Unmodified,HDR,Mixed HDR-NHEJ
95.8396106153668,96.66378565254969,100.0,100.0
