NHEJ,Unmodified,HDR,Mixed HDR-NHEJ
93.1292008961912,99.14324364948143,100.0,100.0
