NHEJ,Unmodified,HDR,Mixed HDR-NHEJ
99.08260638080026,93.43541006687785,100.0,100.0
