NHEJ,Unmodified,HDR,Mixed HDR-NHEJ
97.64755748648936,96.37711685904456,100.0,100.0
