NHEJ,Unmodified,HDR,Mixed HDR-NHEJ
91.28604082287364,96.2376505616457,100.0,100.0
