NHEJ,Unmodified,HDR,Mixed HDR-NHEJ
87.94591953086822,85.44891640866872,100.0,100.0
