NHEJ,Unmodified,HDR,Mixed HDR-NHEJ
96.49519743863394,93.50180505415162,100.0,100.0
