NHEJ,Unmodified,HDR,Mixed HDR-NHEJ
85.35532533624138,93.98512685914261,100.0,100.0
