NHEJ,Unmodified,HDR,Mixed HDR-NHEJ
86.22067378380106,94.0359509543272,100.0,100.0
