NHEJ,Unmodified,HDR,Mixed HDR-NHEJ
93.07138298842192,88.73239436619718,100.0,100.0
