NHEJ,Unmodified,HDR,Mixed HDR-NHEJ
96.62050623624357,95.34277521939352,100.0,100.0
