NHEJ,Unmodified,HDR,Mixed HDR-NHEJ
80.64419539738216,65.89038047912186,100.0,100.0
