NHEJ,Unmodified,HDR,Mixed HDR-NHEJ
96.59427443237907,99.70605046133747,100.0,100.0
