NHEJ,Unmodified,HDR,Mixed HDR-NHEJ
82.19014637837209,88.95760710671314,100.0,100.0
