NHEJ,Unmodified,HDR,Mixed HDR-NHEJ
97.5914362176628,99.39814814814815,100.0,100.0
