NHEJ,Unmodified,HDR,Mixed HDR-NHEJ
96.89276241000378,99.06994919890583,100.0,100.0
