NHEJ,Unmodified,HDR,Mixed HDR-NHEJ
97.55869641397034,98.77938517179024,100.0,100.0
