NHEJ,Unmodified,HDR,Mixed HDR-NHEJ
97.91230924161438,98.75120656370656,100.0,100.0
