NHEJ,Unmodified,HDR,Mixed HDR-NHEJ
96.49894777118806,91.44215530903328,100.0,100.0
