NHEJ,Unmodified,HDR,Mixed HDR-NHEJ
93.01369863013699,93.48268839103869,100.0,100.0
