NHEJ,Unmodified,HDR,Mixed HDR-NHEJ
98.02207911683533,99.24965162396828,100.0,100.0
