NHEJ,Unmodified,HDR,Mixed HDR-NHEJ
96.19708994708994,98.25535289452814,100.0,100.0
