NHEJ,Unmodified,HDR,Mixed HDR-NHEJ
98.81403946799827,93.53431930223739,100.0,100.0
