NHEJ,Unmodified,HDR,Mixed HDR-NHEJ
99.14422472562008,89.63347921225383,100.0,100.0
