NHEJ,Unmodified,HDR,Mixed HDR-NHEJ
96.25183733463987,93.31103678929766,100.0,100.0
