NHEJ,Unmodified,HDR,Mixed HDR-NHEJ
97.27973568281938,92.74611398963731,100.0,100.0
