NHEJ,Unmodified,HDR,Mixed HDR-NHEJ
97.21230664626891,99.1304347826087,100.0,100.0
