NHEJ,Unmodified,HDR,Mixed HDR-NHEJ
95.49096681532995,95.09181969949917,100.0,100.0
