NHEJ,Unmodified,HDR,Mixed HDR-NHEJ
87.59643916913946,92.68465155747269,100.0,100.0
