NHEJ,Unmodified,HDR,Mixed HDR-NHEJ
96.59876318661331,95.62754395535227,100.0,100.0
