NHEJ,Unmodified,HDR,Mixed HDR-NHEJ
98.61524470899471,94.61898975872245,100.0,100.0
