NHEJ,Unmodified,HDR,Mixed HDR-NHEJ
98.33333333333333,95.91078066914498,100.0,100.0
