NHEJ,Unmodified,HDR,Mixed HDR-NHEJ
94.85179407176287,99.46704067321178,100.0,100.0
