NHEJ,Unmodified,HDR,Mixed HDR-NHEJ
98.14214876033058,99.37888198757764,100.0,100.0
