NHEJ,Unmodified,HDR,Mixed HDR-NHEJ
97.02857142857142,98.51337958374629,100.0,100.0
