NHEJ,Unmodified,HDR,Mixed HDR-NHEJ
96.76258992805755,98.95210658984516,100.0,100.0
