NHEJ,Unmodified,HDR,Mixed HDR-NHEJ
98.37415572445263,95.48663387868447,100.0,100.0
