NHEJ,Unmodified,HDR,Mixed HDR-NHEJ
97.73895893498626,87.83855549654807,100.0,100.0
