NHEJ,Unmodified,HDR,Mixed HDR-NHEJ
98.72088857040488,95.62375966605077,100.0,100.0
