NHEJ,Unmodified,HDR,Mixed HDR-NHEJ
99.23761118170266,97.99232561326573,100.0,100.0
