NHEJ,Unmodified,HDR,Mixed HDR-NHEJ
96.3494967978042,99.51778479282144,100.0,100.0
