NHEJ,Unmodified,HDR,Mixed HDR-NHEJ
91.49196010584164,99.03181189488244,100.0,100.0
