NHEJ,Unmodified,HDR,Mixed HDR-NHEJ
91.07142857142857,98.97789134540606,100.0,100.0
