NHEJ,Unmodified,HDR,Mixed HDR-NHEJ
96.66861484511982,98.44184080202923,100.0,100.0
