NHEJ,Unmodified,HDR,Mixed HDR-NHEJ
90.10011123470522,97.74752475247524,100.0,100.0
