NHEJ,Unmodified,HDR,Mixed HDR-NHEJ
96.67838191716629,98.48800431998765,100.0,100.0
