NHEJ,Unmodified,HDR,Mixed HDR-NHEJ
94.6260804208944,96.15276607694467,100.0,100.0
