NHEJ,Unmodified,HDR,Mixed HDR-NHEJ
97.83287907997075,91.5938864628821,100.0,100.0
