NHEJ,Unmodified,HDR,Mixed HDR-NHEJ
97.03528016602431,98.62556788774512,100.0,100.0
