NHEJ,Unmodified,HDR,Mixed HDR-NHEJ
94.140625,99.14598883733441,100.0,100.0
