NHEJ,Unmodified,HDR,Mixed HDR-NHEJ
89.66831871902401,97.56877799104286,100.0,100.0
