NHEJ,Unmodified,HDR,Mixed HDR-NHEJ
96.19595472258304,98.64729458917836,100.0,100.0
