NHEJ,Unmodified,HDR,Mixed HDR-NHEJ
97.22404151342637,67.99876084262702,100.0,100.0
