NHEJ,Unmodified,HDR,Mixed HDR-NHEJ
95.01583066170176,95.49301735082523,100.0,100.0
