NHEJ,Unmodified,HDR,Mixed HDR-NHEJ
97.24857685009488,95.27255565169511,100.0,100.0
