NHEJ,Unmodified,HDR,Mixed HDR-NHEJ
97.96729287741587,90.23374218930803,100.0,100.0
