NHEJ,Unmodified,HDR,Mixed HDR-NHEJ
94.60513487162821,99.17813455657493,100.0,100.0
