NHEJ,Unmodified,HDR,Mixed HDR-NHEJ
92.47685185185185,88.5925925925926,100.0,100.0
