NHEJ,Unmodified,HDR,Mixed HDR-NHEJ
94.93781748117009,99.01792673421667,100.0,100.0
