NHEJ,Unmodified,HDR,Mixed HDR-NHEJ
96.77295428351901,97.20716965402251,100.0,100.0
