NHEJ,Unmodified,HDR,Mixed HDR-NHEJ
97.96509412392348,96.9135230327185,100.0,100.0
