NHEJ,Unmodified,HDR,Mixed HDR-NHEJ
98.68536721809318,98.88338386452709,100.0,100.0
