NHEJ,Unmodified,HDR,Mixed HDR-NHEJ
99.14576517629953,96.37955822768267,100.0,100.0
