NHEJ,Unmodified,HDR,Mixed HDR-NHEJ
98.3471620772867,95.74984443061606,100.0,100.0
