NHEJ,Unmodified,HDR,Mixed HDR-NHEJ
98.46153846153847,97.95345400812708,100.0,100.0
