NHEJ,Unmodified,HDR,Mixed HDR-NHEJ
94.44432668461327,97.63481551561021,100.0,100.0
