NHEJ,Unmodified,HDR,Mixed HDR-NHEJ
94.20970266040689,98.65248226950355,100.0,100.0
