NHEJ,Unmodified,HDR,Mixed HDR-NHEJ
96.3842307194896,96.89865239062212,100.0,100.0
