NHEJ,Unmodified,HDR,Mixed HDR-NHEJ
97.09726010666449,84.7518642324505,100.0,100.0
