NHEJ,Unmodified,HDR,Mixed HDR-NHEJ
97.85193709244342,88.10654008438819,100.0,100.0
