NHEJ,Unmodified,HDR,Mixed HDR-NHEJ
98.82523281450524,98.51707609346914,100.0,100.0
