NHEJ,Unmodified,HDR,Mixed HDR-NHEJ
96.13541999361227,92.81984334203656,100.0,100.0
