NHEJ,Unmodified,HDR,Mixed HDR-NHEJ
96.47402305734391,94.64110127826942,100.0,100.0
