NHEJ,Unmodified,HDR,Mixed HDR-NHEJ
93.00461959083623,98.22165315123061,100.0,100.0
