NHEJ,Unmodified,HDR,Mixed HDR-NHEJ
95.3535736276228,97.52217005738133,100.0,100.0
