NHEJ,Unmodified,HDR,Mixed HDR-NHEJ
97.22267370987403,96.58278391679822,100.0,100.0
