NHEJ,Unmodified,HDR,Mixed HDR-NHEJ
97.4063629503118,96.58811978399608,100.0,100.0
