NHEJ,Unmodified,HDR,Mixed HDR-NHEJ
97.79115044247789,93.5708752904725,100.0,100.0
