NHEJ,Unmodified,HDR,Mixed HDR-NHEJ
96.3539563988696,93.43794579172611,100.0,100.0
