NHEJ,Unmodified,HDR,Mixed HDR-NHEJ
95.89024202250656,80.43826830571886,100.0,100.0
