NHEJ,Unmodified,HDR,Mixed HDR-NHEJ
96.1612284069098,99.12200102092903,100.0,100.0
