NHEJ,Unmodified,HDR,Mixed HDR-NHEJ
96.6711051930759,98.36325237592398,100.0,100.0
