NHEJ,Unmodified,HDR,Mixed HDR-NHEJ
98.2089552238806,98.57293868921776,100.0,100.0
