NHEJ,Unmodified,HDR,Mixed HDR-NHEJ
95.28935864813728,97.2829688535454,100.0,100.0
