NHEJ,Unmodified,HDR,Mixed HDR-NHEJ
97.30262694555954,93.89925047934462,100.0,100.0
