NHEJ,Unmodified,HDR,Mixed HDR-NHEJ
98.15842841633038,95.29252704031465,100.0,100.0
