NHEJ,Unmodified,HDR,Mixed HDR-NHEJ
92.43561143784223,99.41010101010102,100.0,100.0
