NHEJ,Unmodified,HDR,Mixed HDR-NHEJ
98.31771208844027,91.66666666666666,100.0,100.0
