NHEJ,Unmodified,HDR,Mixed HDR-NHEJ
47.79661016949153,94.10358565737052,100.0,100.0
