NHEJ,Unmodified,HDR,Mixed HDR-NHEJ
97.78861788617887,98.64330130016958,100.0,100.0
