NHEJ,Unmodified,HDR,Mixed HDR-NHEJ
93.98135165451487,95.82441113490364,100.0,100.0
