NHEJ,Unmodified,HDR,Mixed HDR-NHEJ
90.35269709543569,98.901340364755,100.0,100.0
