NHEJ,Unmodified,HDR,Mixed HDR-NHEJ
98.3402140028646,96.47419519672968,100.0,100.0
