NHEJ,Unmodified,HDR,Mixed HDR-NHEJ
97.36701416733494,80.51044083526682,100.0,100.0
