NHEJ,Unmodified,HDR,Mixed HDR-NHEJ
90.38910505836576,99.52756865494224,100.0,100.0
