NHEJ,Unmodified,HDR,Mixed HDR-NHEJ
94.68854067170922,96.12409068165198,100.0,100.0
