NHEJ,Unmodified,HDR,Mixed HDR-NHEJ
94.36656737340108,88.87293610911702,100.0,100.0
