NHEJ,Unmodified,HDR,Mixed HDR-NHEJ
95.79416918910307,95.8714832695189,100.0,100.0
