NHEJ,Unmodified,HDR,Mixed HDR-NHEJ
94.90931980014949,95.9481899701096,100.0,100.0
