NHEJ,Unmodified,HDR,Mixed HDR-NHEJ
91.67249825052485,97.21503879053112,100.0,100.0
