NHEJ,Unmodified,HDR,Mixed HDR-NHEJ
97.6931330472103,99.44547134935306,100.0,100.0
