NHEJ,Unmodified,HDR,Mixed HDR-NHEJ
90.78057775046096,91.11010830324909,100.0,100.0
