NHEJ,Unmodified,HDR,Mixed HDR-NHEJ
97.65931235300705,93.27927646967098,100.0,100.0
