NHEJ,Unmodified,HDR,Mixed HDR-NHEJ
92.63415120686216,97.66673549452818,100.0,100.0
