NHEJ,Unmodified,HDR,Mixed HDR-NHEJ
96.42922709748485,98.74988757981833,100.0,100.0
