NHEJ,Unmodified,HDR,Mixed HDR-NHEJ
93.29268292682927,98.82380895806106,100.0,100.0
