NHEJ,Unmodified,HDR,Mixed HDR-NHEJ
92.4880219028063,89.62153726102224,100.0,100.0
