NHEJ,Unmodified,HDR,Mixed HDR-NHEJ
57.20220766618147,49.356836588851834,100.0,100.0
