NHEJ,Unmodified,HDR,Mixed HDR-NHEJ
95.84470258049427,79.64842782867046,100.0,100.0
