NHEJ,Unmodified,HDR,Mixed HDR-NHEJ
97.44436717663422,98.7718545532554,100.0,100.0
