NHEJ,Unmodified,HDR,Mixed HDR-NHEJ
98.11436518324608,98.28709737479055,100.0,100.0
