NHEJ,Unmodified,HDR,Mixed HDR-NHEJ
81.05134474327629,92.9054054054054,100.0,100.0
